Workbook

Sheet NOVEMBER 2025 Bill Summary
A1: WSCC Marthandam - Bill Summary -NOVEMBER 2025
A2: Item | B2: Amount (Rs.)
A3: Total monthly bill amount | B3: ='Bill Calculation NOVEMBER 2025'!G17 -> 1619269.7
A4: Total Penalties applied (20% capping applied) | B4: 0
A5: Final Bill amount | B5: =B3-B4 -> 1619269.7
A6: SGST @9% | B6: =B5*0.09 -> 145734.27
A7: CGST @9% | B7: =B5*0.09 -> 145734.27
A8: Total GST | B8: =B6+B7 -> 291468.55
A9: Grand Total | B9: =B5+B8 -> 1910738.3

Sheet Bill Calculation NOVEMBER 2025
A1: Calculation Summary - NOVEMBER 2025
A2: Item | C2: IVR | D2: Agent Seg 1 | E2: Agent Seg 2 | F2: Agent Seg 3 | G2: Total | H2: Remarks
A3: IBD | B3: Unique Calls (Minutes) A | C3: =Table418[[#Totals],[Unit (Minutes)]] -> 151269.15 | D3: =Table721[[#Totals],[Unit (Minutes)]] -> 407402.01 | E3: =Table923[[#Totals],[Unit (Minutes)]] -> 17893.366 | F3: =Table1427[[#Totals],[Unit (Minutes)]] -> 0 | J3: 71116.35 | K3: =J3-C8 -> 19.849144
B4: Repeat Calls (Minutes) B | C4: =Table519[[#Totals],[Unit (Minutes)]] -> 0 | D4: =Table822[[#Totals],[Unit (Minutes)]] -> 1239.6834 | E4: =Table1024[[#Totals],[Unit (Minutes)]] -> 76.983347 | F4: =Table1528[[#Totals],[Unit (Minutes)]] -> 0 | J4: 1271155.4 | K4: =J4-D8 -> 279.76528
B5: Repeat Non applicable Calls (Minutes) C | C5: =Table620[[#Totals],[Unit (Minutes)]] -> 0 | D5: =Table1125[[#Totals],[Unit (Minutes)]] -> 0 | E5: =Table1326[[#Totals],[Unit (Minutes)]] -> 0 | F5: =Table1629[[#Totals],[Unit (Minutes)]] -> 12898.684 | J5: 55919.355 | K5: =J5-E8 -> 31.568693
B6: Actual Bill (Minutes) D | C6: =C3+C4+C5 -> 151269.15 | D6: =D3+D4+D5 -> 408641.69 | E6: =E3+E4+E5 -> 17970.349 | F6: =F3+F4+F5 -> 12898.684 | H6: D=A+B+C | J6: 40699.171 | K6: =J6-F8 -> 584.26445
B7: Per Minute Charge E | C7: 0.47 | D7: 3.11 | E7: 3.11 | F7: 3.11 | J7: 181294.86 | K7: =J7-G16 -> 0
B8: Actual Bill (Rs) F | C8: =C6*C7 -> 71096.501 | D8: =D6*D7 -> 1270875.7 | E8: =E6*E7 -> 55887.786 | F8: =F6*F7 -> 40114.906 | G8: =SUM(C8:F8) -> 1437974.9 | H8: F=D*E
B9: 15 % of Unique Calls G | C9: =C3*0.15 -> 22690.373 | D9: =D3*0.15 -> 61110.301 | E9: =E3*0.15 -> 2684.0049 | F9: =F3*0.15 -> 0 | H9: G=A*0.15
B10: Whether (B > G) H | C10: =IF(C4>C9,"Yes","No") -> No | D10: =IF(D4>D9,"Yes","No") -> No | E10: =IF(E4>E9,"Yes","No") -> No | F10: =IF(F4>F9,"Yes","No") -> No
B11: Net Connect Minutes after deducting Repeat Calls (Rs) I | C11: =C6 -> 151269.15 | D11: =IF(D10="Yes",(D3*1.15)+D5,D6) -> 408641.69 | E11: =IF(E10="Yes",(E3*1.15)+E5,E6) -> 17970.349 | F11: =IF(F10="Yes",(F3*1.15)+F5,F6) -> 12898.684 | H11: If H is Yes, I=(A*1.15) + C Else I=D
B12: Net Amount after deducting Repeat Calls (Rs) J | C12: =C11*C7 -> 71096.501 | D12: =D11*D7 -> 1270875.7 | E12: =E11*E7 -> 55887.786 | F12: =F11*F7 -> 40114.906 | G12: =SUM(C12:F12) -> 1437974.9 | H12: J=I*E
B13: Repeat Call KPI Deduction(Rs) K | C13: =C8-C12 -> 0 | D13: =D8-D12 -> 0 | E13: =E8-E12 -> 0 | F13: =F8-F12 -> 0 | G13: =SUM(C13:F13) -> 0 | H13: K=F-J
A14: OBD | B14: Connect minutes L | D14: =Table7214[[#Totals],[Unit (Minutes)]] -> 58294.167 | E14: =Table9235[[#Totals],[Unit (Minutes)]] -> 0 | F14: =Table16296[[#Totals],[Unit (Minutes)]] -> 0 | G14: =SUM(D14:F14) -> 58294.167
B15: Per Minute Charge (Rs) M | D15: 3.11 | E15: 3.11 | F15: 3.11 | G15: 3.11
B16: Net Amount (Rs) N | D16: =D14*D15 -> 181294.86 | E16: =E14*E15 -> 0 | F16: =F14*F15 -> 0 | G16: =D16+E16+F16 -> 181294.86 | H16: N=L*M
A17: Total Bill amount (Rs) O | G17: =G12+G16 -> 1619269.7 | H17: O=J+N
A18: Call Centre System Uptime SLA (5.1.1) | C18: System Uptime (should be > 99.7%) | G18: 1 | H18: >=99.7% :0%, 98.7to<99.7 :1%, 97to<98.7% :3%, 95to<97% :5%, 90to<95% :10%, <90 :15%
C19: Penalty (Rs) P | G19: =IF(G18>=0.997,0,IF(G18>=0.987,G17*0.01,IF(G18>=0.97,G17*0.03,IF(G18>=0.95,G17*0.05,IF(G18>=0.9,G17*0.1,G17*0.15))))) -> 0
A20: Call Centre Accessibility SLA (5.1.2) | C20: Accessibility @TCBH (should be > 95%) | G20: ='NOVEMBER 2025 IBD Data'!F380 -> 0.96390102 | H20: >=95% :0% , 90to<95% :5% , 85to<90% :10% , <85 :15%
C21: Penalty (Rs) Q | G21: =IF(G20>=0.95,0,IF(G20>=0.9,G17*0.05,IF(G20>=0.85,G17*0.1,G17*0.15))) -> 0
A22: Call Queue Waiting SLA (5.1.3) | C22: % Calls attended | D22: ='NOVEMBER 2025 IBD Data'!F384 -> 0.99576484 | E22: ='NOVEMBER 2025 IBD Data'!F385 -> 1 | F22: ='NOVEMBER 2025 IBD Data'!F386 -> 0.99025341 | H22: >=95% :0%, 85to<95% :5%, <85% :10%
C23: Penalty (Rs) R | D23: =IF(D22>=0.95,0,IF(D22>=0.85,D12*0.05,D12*0.1)) -> 0 | E23: =IF(E22>=0.95,0,IF(E22>=0.85,E12*0.05,E12*0.1)) -> 0 | F23: =IF(F22>=0.95,0,IF(F22>=0.85,F12*0.05,F12*0.1)) -> 0 | G23: =D23+E23+F23 -> 0
A24: Customer Satisfaction SLA (5.1.4) | C24: Average Satisfaction Score | G24: 2.25 | H24: >=2 :0% , 1.1to< 2 :3% , < 1.1 :5%
C25: Penalty (Rs) S | G25: =IF(G24>=2,0,IF(G24<1.1,G17*0.05,G17*0.03)) -> 0
A26: Call abandonment SLA (5.1.5) | C26: Calls unanswered by agents (should < 5%) | G26: ='NOVEMBER 2025 IBD Data'!F396 -> 0.01009078 | H26: <5% :0% , 5to10% :5% , >10% :10%
C27: Penalty (Rs) T | G27: =IF(G26<0.05,0,IF(G26>0.1,G17*0.1,G17*0.05)) -> 0
A28: Call quality SLA (5.1.6) | C28: Score on Call quality (should >85%) | G28: 86 | H28: >85 :0%, >80to85 :2%, 75to80 :5%, <75 :10%
C29: Penalty (Rs) U | G29: =IF(G28>85,0,IF(G28>80,G17*0.02,IF(G28>=75,G17*0.05,G17*0.1))) -> 0
A30: Penalty | C30: Total Penalty Amount Calculated (Rs) V | G30: =G19+G21+G23+G25+G27+G29 -> 0 | H30: V=P+Q+R+S+T+U
C31: % with respect to Total Bill amount W | G31: =G30/G17 -> 0 | H31: W=V/O
C32: 20% of Total Bill Amount (Rs) X | G32: =G17*0.2 -> 323853.94 | H32: X=O*0.2
A33: Total Amount excluding Penalties (Rs) Y | G33: =G17 -> 1619269.7

Sheet NOVEMBER 2025 IBD Data
A1: IVRS
A2: Max allowed daily average duration per call in Seconds | G2: 120
A3: Repeat Applicable
A4: 1. First Calls Day-wise
A5: CallDate | B5: Average Call Duaration (S) | C5: Call Count | D5: Total Duration (S) | E5: 120 * Call Count (S) | F5: Unit (S) | G5: Unit (Minutes)
A6: 45962 | B6: 54.6964 | C6: 6235 | D6: 341032.05 | E6: 748200 | F6: 341032.05 | G6: 5683.8676
A7: 45963 | B7: 54.2741 | C7: 5097 | D7: 276635.09 | E7: 611640 | F7: 276635.09 | G7: 4610.5848
A8: 45964 | B8: 55.3812 | C8: 5958 | D8: 329961.19 | E8: 714960 | F8: 329961.19 | G8: 5499.3532
A9: 45965 | B9: 55.4283 | C9: 6420 | D9: 355849.69 | E9: 770400 | F9: 355849.69 | G9: 5930.8281
A10: 45966 | B10: 54.8246 | C10: 5689 | D10: 311897.15 | E10: 682680 | F10: 311897.15 | G10: 5198.2858
A11: 45967 | B11: 52.678 | C11: 6466 | D11: 340615.95 | E11: 775920 | F11: 340615.95 | G11: 5676.9325
A12: 45968 | B12: 55.352 | C12: 6694 | D12: 370526.29 | E12: 803280 | F12: 370526.29 | G12: 6175.4381
A13: 45969 | B13: 54.0337 | C13: 5882 | D13: 317826.22 | E13: 705840 | F13: 317826.22 | G13: 5297.1037
A14: 45970 | B14: 53.7713 | C14: 5033 | D14: 270630.95 | E14: 603960 | F14: 270630.95 | G14: 4510.5159
A15: 45971 | B15: 52.6496 | C15: 6121 | D15: 322268.2 | E15: 734520 | F15: 322268.2 | G15: 5371.1367
A16: 45972 | B16: 56.3262 | C16: 5901 | D16: 332380.91 | E16: 708120 | F16: 332380.91 | G16: 5539.6818
A17: 45973 | B17: 54.8873 | C17: 5944 | D17: 326250.11 | E17: 713280 | F17: 326250.11 | G17: 5437.5019
... A35: 45991 | B35: 45.3048 | C35: 4400 | D35: 199341.12 | E35: 528000 | F35: 199341.12 | G35: 3322.352
C37: =SUBTOTAL(109,Table418[Call Count]) -> 178009 | D37: =SUBTOTAL(109,D6:D36) -> 9076149.1 | E37: =SUBTOTAL(109,E6:E36) -> 21361080 | F37: =SUBTOTAL(109,F6:F36) -> 9076149.1 | G37: =SUBTOTAL(109,Table418[Unit (Minutes)]) -> 151269.15
A39: 2. Repeated Calls Day-wise
A40: CallDate | B40: Average Call Duaration (S) | C40: Call Count | D40: Total Duration (S) | E40: 120 * Call Count (S) | F40: Unit (S) | G40: Unit (Minutes)
C72: =SUBTOTAL(109,Table519[Call Count]) -> 0 | D72: =SUBTOTAL(109,D41:D71) -> 0 | E72: =SUBTOTAL(109,E41:E71) -> 0 | F72: =SUBTOTAL(109,F41:F71) -> 0 | G72: =SUBTOTAL(109,Table519[Unit (Minutes)]) -> 0
A74: Repeat Not Applicable
A75: CallDate | B75: Average Call Duaration (S) | C75: Call Count | D75: Total Duration (S) | E75: 120 * Call Count (S) | F75: Unit (S) | G75: Unit (Minutes)
C107: =SUBTOTAL(109,Table620[Call Count]) -> 0 | D107: =SUBTOTAL(109,D76:D106) -> 0 | E107: =SUBTOTAL(109,E76:E106) -> 0 | F107: =SUBTOTAL(109,F76:F106) -> 0 | G107: =SUBTOTAL(109,Table620[Unit (Minutes)]) -> 0
A109: Agent - Segment 1
A110: Max allowed daily average duration per call in Seconds | G110: 130
A111: Repeat Applicable
A112: 1. First Calls Day-wise
A113: CallDate | B113: Average Call Duaration (S) | C113: Call Count | D113: Total Duration (S) | E113: 130 * Call Count (S) | F113: Unit (S) | G113: Unit (Minutes)
A114: 45962 | B114: 130.4459 | C114: 6484 | D114: 845811.22 | E114: 842920 | F114: 842920 | G114: 14048.667
A115: 45963 | B115: 131.3278 | C115: 5329 | D115: 699845.85 | E115: 692770 | F115: 692770 | G115: 11546.167
A116: 45964 | B116: 132.5796 | C116: 6397 | D116: 848111.7 | E116: 831610 | F116: 831610 | G116: 13860.167
A117: 45965 | B117: 140.8847 | C117: 6589 | D117: 928289.29 | E117: 856570 | F117: 856570 | G117: 14276.167
A118: 45966 | B118: 134.256 | C118: 6129 | D118: 822855.02 | E118: 796770 | F118: 796770 | G118: 13279.5
A119: 45967 | B119: 138.7142 | C119: 6273 | D119: 870154.18 | E119: 815490 | F119: 815490 | G119: 13591.5
A120: 45968 | B120: 136.1276 | C120: 6309 | D120: 858829.03 | E120: 820170 | F120: 820170 | G120: 13669.5
A121: 45969 | B121: 128.9329 | C121: 5914 | D121: 762509.17 | E121: 768820 | F121: 762509.17 | G121: 12708.486
A122: 45970 | B122: 133.8789 | C122: 5069 | D122: 678632.14 | E122: 658970 | F122: 658970 | G122: 10982.833
A123: 45971 | B123: 133.544 | C123: 6785 | D123: 906096.04 | E123: 882050 | F123: 882050 | G123: 14700.833
A124: 45972 | B124: 133.0009 | C124: 6388 | D124: 849609.75 | E124: 830440 | F124: 830440 | G124: 13840.667
A125: 45973 | B125: 135.2073 | C125: 6069 | D125: 820573.1 | E125: 788970 | F125: 788970 | G125: 13149.5
... A143: 45991 | B143: 127.8196 | C143: 4983 | D143: 636925.07 | E143: 647790 | F143: 636925.07 | G143: 10615.418
C145: =SUBTOTAL(109,Table721[Call Count]) -> 189613 | D145: =SUBTOTAL(109,Table721[Total Duration (S)]) -> 24846865 | E145: =SUBTOTAL(109,E114:E144) -> 24649690 | F145: =SUBTOTAL(109,F114:F144) -> 24444121 | G145: =SUBTOTAL(109,Table721[Unit (Minutes)]) -> 407402.01
A147: 2. Repeated Calls Day-wise
A148: CallDate | B148: Average Call Duaration (S) | C148: Call Count | D148: Total Duration (S) | E148: 130 * Call Count (S) | F148: Unit (S) | G148: Unit (Minutes)
A149: 45962 | B149: 170.5 | C149: 22 | D149: 3751 | E149: 2860 | F149: 2860 | G149: 47.6667
A150: 45963 | B150: 204.1905 | C150: 21 | D150: 4288.0005 | E150: 2730 | F150: 2730 | G150: 45.5
A151: 45964 | B151: 151.1 | C151: 20 | D151: 3022 | E151: 2600 | F151: 2600 | G151: 43.3333
A152: 45965 | B152: 119.0833 | C152: 12 | D152: 1428.9996 | E152: 1560 | F152: 1428.9996 | G152: 23.81666
A153: 45966 | B153: 139.0625 | C153: 16 | D153: 2225 | E153: 2080 | F153: 2080 | G153: 34.6667
A154: 45967 | B154: 171.0952 | C154: 21 | D154: 3592.9992 | E154: 2730 | F154: 2730 | G154: 45.5
A155: 45968 | B155: 125.0435 | C155: 23 | D155: 2876.0005 | E155: 2990 | F155: 2876.0005 | G155: 47.933342
A156: 45969 | B156: 104.9 | C156: 10 | D156: 1049 | E156: 1300 | F156: 1049 | G156: 17.483333
A157: 45970 | B157: 103.75 | C157: 12 | D157: 1245 | E157: 1560 | F157: 1245 | G157: 20.75
A158: 45971 | B158: 165.8696 | C158: 23 | D158: 3815.0008 | E158: 2990 | F158: 2990 | G158: 49.8333
A159: 45972 | B159: 130.2857 | C159: 14 | D159: 1823.9998 | E159: 1820 | F159: 1820 | G159: 30.3333
A160: 45973 | B160: 161 | C160: 16 | D160: 2576 | E160: 2080 | F160: 2080 | G160: 34.6667
... A178: 45991 | B178: 163.6471 | C178: 17 | D178: 2782.0007 | E178: 2210 | F178: 2210 | G178: 36.8333
C180: =SUBTOTAL(109,Table822[Call Count]) -> 595 | D180: =SUBTOTAL(109,Table822[Total Duration (S)]) -> 92657.001 | G180: =SUBTOTAL(109,Table822[Unit (Minutes)]) -> 1239.6834
A182: Repeat Not Applicable
A183: CallDate | B183: Average Call Duaration (S) | C183: Call Count | D183: Total Duration (S) | E183: 130 * Call Count (S) | F183: Unit (S) | G183: Unit (Minutes)
G185: =SUBTOTAL(109,Table1125[Unit (Minutes)]) -> 0
A187: Agent - Segment 2
A188: Max allowed daily average duration per call in Seconds | G188: 150
A189: Repeat Applicable
A190: 1. First Calls Day-wise
A191: CallDate | B191: Average Call Duaration (S) | C191: Call Count | D191: Total Duration (S) | E191: 150 * Call Count (S) | F191: Unit (S) | G191: Unit (Minutes)
A192: 45962 | B192: 111.2 | C192: 280 | D192: 31136 | E192: 42000 | F192: 31136 | G192: 518.93333
A193: 45963 | B193: 102.9237 | C193: 236 | D193: 24289.993 | E193: 35400 | F193: 24289.993 | G193: 404.83322
A194: 45964 | B194: 116.7717 | C194: 276 | D194: 32228.989 | E194: 41400 | F194: 32228.989 | G194: 537.14982
A195: 45965 | B195: 118.9145 | C195: 339 | D195: 40312.016 | E195: 50850 | F195: 40312.016 | G195: 671.86693
A196: 45966 | B196: 133.5 | C196: 274 | D196: 36579 | E196: 41100 | F196: 36579 | G196: 609.65
A197: 45967 | B197: 112.7721 | C197: 294 | D197: 33154.997 | E197: 44100 | F197: 33154.997 | G197: 552.58329
A198: 45968 | B198: 124.1797 | C198: 295 | D198: 36633.012 | E198: 44250 | F198: 36633.012 | G198: 610.55019
A199: 45969 | B199: 119.3828 | C199: 256 | D199: 30561.997 | E199: 38400 | F199: 30561.997 | G199: 509.36661
A200: 45970 | B200: 127.4744 | C200: 215 | D200: 27406.996 | E200: 32250 | F200: 27406.996 | G200: 456.78327
A201: 45971 | B201: 119.2239 | C201: 326 | D201: 38866.991 | E201: 48900 | F201: 38866.991 | G201: 647.78319
A202: 45972 | B202: 123.6413 | C202: 315 | D202: 38947.01 | E202: 47250 | F202: 38947.01 | G202: 649.11682
A203: 45973 | B203: 130.5433 | C203: 300 | D203: 39162.99 | E203: 45000 | F203: 39162.99 | G203: 652.7165
... A221: 45991 | B221: 103.5698 | C221: 265 | D221: 27445.997 | E221: 39750 | F221: 27445.997 | G221: 457.43328
C223: =SUBTOTAL(109,Table923[Call Count]) -> 9334 | G223: =SUBTOTAL(109,Table923[Unit (Minutes)]) -> 17893.366
A225: 2. Repeated Calls Day-wise
A226: CallDate | B226: Average Call Duaration (S) | C226: Call Count | D226: Total Duration (S) | E226: 150 * Call Count (S) | F226: Unit (S) | G226: Unit (Minutes)
A227: 45964 | B227: 65 | C227: 1 | D227: 65 | E227: 150 | F227: 65 | G227: 1.0833333
A228: 45965 | B228: 70 | C228: 1 | D228: 70 | E228: 150 | F228: 70 | G228: 1.1666667
A229: 45966 | B229: 89 | C229: 1 | D229: 89 | E229: 150 | F229: 89 | G229: 1.4833333
A230: 45967 | B230: 65.5 | C230: 2 | D230: 131 | E230: 300 | F230: 131 | G230: 2.1833333
A231: 45969 | B231: 98 | C231: 2 | D231: 196 | E231: 300 | F231: 196 | G231: 3.2666667
A232: 45970 | B232: 86 | C232: 1 | D232: 86 | E232: 150 | F232: 86 | G232: 1.4333333
A233: 45971 | B233: 262 | C233: 3 | D233: 786 | E233: 450 | F233: 450 | G233: 7.5
A234: 45972 | B234: 168.5 | C234: 2 | D234: 337 | E234: 300 | F234: 300 | G234: 5
A235: 45974 | B235: 73.25 | C235: 4 | D235: 293 | E235: 600 | F235: 293 | G235: 4.8833333
A236: 45976 | B236: 212 | C236: 2 | D236: 424 | E236: 300 | F236: 300 | G236: 5
A237: 45977 | B237: 39 | C237: 2 | D237: 78 | E237: 300 | F237: 78 | G237: 1.3
A238: 45978 | B238: 63.5 | C238: 2 | D238: 127 | E238: 300 | F238: 127 | G238: 2.1166667
... A248: 45990 | B248: 143 | C248: 3 | D248: 429 | E248: 450 | F248: 429 | G248: 7.15
C258: =SUBTOTAL(109,Table1024[Call Count]) -> 54 | G258: =SUBTOTAL(109,Table1024[Unit (Minutes)]) -> 76.983347
A260: Repeat Not Applicable
A261: CallDate | B261: Average Call Duaration (S) | C261: Call Count | D261: Total Duration (S) | E261: 150 * Call Count (S) | F261: Unit (S) | G261: Unit (Minutes)
...

Sheet NOVEMBER 2025 OBD  Data
A1: OBD Call Centre CDR
A2: Segment 1
A3: Max allowed daily average duration per call in Seconds | G3: 130
A4: CallDate | B4: Average Call Duaration (S) | C4: Call Count | D4: Total Duration (S) | E4: 130 * Call Count (S) | F4: Unit (S) | G4: Unit (Minutes)
A5: 45962 | B5: 145.17647 | C5: 884 | D5: 128336 | E5: =Table7214[[#This Row],[Call Count]]*130 -> 114920 | F5: =IF(Table7214[[#This Row],[Total Duration (S)]]>Table7214[[#This Row],[130 * Call Count (S)]],Table7214[[#This Row],[130 * Call Count (S)]],Table7214[[#This Row],[Total Duration (S)]]) -> 114920 | G5: =Table7214[[#This Row],[Unit (S)]]/60 -> 1915.3333
A6: 45963 | B6: 157.5768 | C6: 1250 | D6: 196971 | E6: =Table7214[[#This Row],[Call Count]]*130 -> 162500 | F6: =IF(Table7214[[#This Row],[Total Duration (S)]]>Table7214[[#This Row],[130 * Call Count (S)]],Table7214[[#This Row],[130 * Call Count (S)]],Table7214[[#This Row],[Total Duration (S)]]) -> 162500 | G6: =Table7214[[#This Row],[Unit (S)]]/60 -> 2708.3333
A7: 45964 | B7: 156.98711 | C7: 776 | D7: 121822 | E7: =Table7214[[#This Row],[Call Count]]*130 -> 100880 | F7: =IF(Table7214[[#This Row],[Total Duration (S)]]>Table7214[[#This Row],[130 * Call Count (S)]],Table7214[[#This Row],[130 * Call Count (S)]],Table7214[[#This Row],[Total Duration (S)]]) -> 100880 | G7: =Table7214[[#This Row],[Unit (S)]]/60 -> 1681.3333
A8: 45965 | B8: 156.65899 | C8: 868 | D8: 135980 | E8: =Table7214[[#This Row],[Call Count]]*130 -> 112840 | F8: =IF(Table7214[[#This Row],[Total Duration (S)]]>Table7214[[#This Row],[130 * Call Count (S)]],Table7214[[#This Row],[130 * Call Count (S)]],Table7214[[#This Row],[Total Duration (S)]]) -> 112840 | G8: =Table7214[[#This Row],[Unit (S)]]/60 -> 1880.6667
A9: 45966 | B9: 153.57223 | C9: 1073 | D9: 164783 | E9: =Table7214[[#This Row],[Call Count]]*130 -> 139490 | F9: =IF(Table7214[[#This Row],[Total Duration (S)]]>Table7214[[#This Row],[130 * Call Count (S)]],Table7214[[#This Row],[130 * Call Count (S)]],Table7214[[#This Row],[Total Duration (S)]]) -> 139490 | G9: =Table7214[[#This Row],[Unit (S)]]/60 -> 2324.8333
A10: 45967 | B10: 157.61896 | C10: 1139 | D10: 179528 | E10: =Table7214[[#This Row],[Call Count]]*130 -> 148070 | F10: =IF(Table7214[[#This Row],[Total Duration (S)]]>Table7214[[#This Row],[130 * Call Count (S)]],Table7214[[#This Row],[130 * Call Count (S)]],Table7214[[#This Row],[Total Duration (S)]]) -> 148070 | G10: =Table7214[[#This Row],[Unit (S)]]/60 -> 2467.8333
A11: 45968 | B11: 152.24753 | C11: 1115 | D11: 169756 | E11: =Table7214[[#This Row],[Call Count]]*130 -> 144950 | F11: =IF(Table7214[[#This Row],[Total Duration (S)]]>Table7214[[#This Row],[130 * Call Count (S)]],Table7214[[#This Row],[130 * Call Count (S)]],Table7214[[#This Row],[Total Duration (S)]]) -> 144950 | G11: =Table7214[[#This Row],[Unit (S)]]/60 -> 2415.8333
A12: 45969 | B12: 149.11996 | C12: 917 | D12: 136743 | E12: =Table7214[[#This Row],[Call Count]]*130 -> 119210 | F12: =IF(Table7214[[#This Row],[Total Duration (S)]]>Table7214[[#This Row],[130 * Call Count (S)]],Table7214[[#This Row],[130 * Call Count (S)]],Table7214[[#This Row],[Total Duration (S)]]) -> 119210 | G12: =Table7214[[#This Row],[Unit (S)]]/60 -> 1986.8333
A13: 45970 | B13: 164.50974 | C13: 873 | D13: 143617 | E13: =Table7214[[#This Row],[Call Count]]*130 -> 113490 | F13: =IF(Table7214[[#This Row],[Total Duration (S)]]>Table7214[[#This Row],[130 * Call Count (S)]],Table7214[[#This Row],[130 * Call Count (S)]],Table7214[[#This Row],[Total Duration (S)]]) -> 113490 | G13: =Table7214[[#This Row],[Unit (S)]]/60 -> 1891.5
A14: 45971 | B14: 153.77477 | C14: 777 | D14: 119483 | E14: =Table7214[[#This Row],[Call Count]]*130 -> 101010 | F14: =IF(Table7214[[#This Row],[Total Duration (S)]]>Table7214[[#This Row],[130 * Call Count (S)]],Table7214[[#This Row],[130 * Call Count (S)]],Table7214[[#This Row],[Total Duration (S)]]) -> 101010 | G14: =Table7214[[#This Row],[Unit (S)]]/60 -> 1683.5
A15: 45972 | B15: 159.71272 | C15: 1093 | D15: 174566 | E15: =Table7214[[#This Row],[Call Count]]*130 -> 142090 | F15: =IF(Table7214[[#This Row],[Total Duration (S)]]>Table7214[[#This Row],[130 * Call Count (S)]],Table7214[[#This Row],[130 * Call Count (S)]],Table7214[[#This Row],[Total Duration (S)]]) -> 142090 | G15: =Table7214[[#This Row],[Unit (S)]]/60 -> 2368.1667
A16: 45973 | B16: 149.61855 | C16: 1046 | D16: 156501 | E16: =Table7214[[#This Row],[Call Count]]*130 -> 135980 | F16: =IF(Table7214[[#This Row],[Total Duration (S)]]>Table7214[[#This Row],[130 * Call Count (S)]],Table7214[[#This Row],[130 * Call Count (S)]],Table7214[[#This Row],[Total Duration (S)]]) -> 135980 | G16: =Table7214[[#This Row],[Unit (S)]]/60 -> 2266.3333
... A34: 45991 | B34: 154.12462 | C34: 650 | D34: 100181 | E34: =Table7214[[#This Row],[Call Count]]*130 -> 84500 | F34: =IF(Table7214[[#This Row],[Total Duration (S)]]>Table7214[[#This Row],[130 * Call Count (S)]],Table7214[[#This Row],[130 * Call Count (S)]],Table7214[[#This Row],[Total Duration (S)]]) -> 84500 | G34: =Table7214[[#This Row],[Unit (S)]]/60 -> 1408.3333
D36: =SUBTOTAL(109,Table7214[Total Duration (S)]) -> 4181298 | E36: =SUBTOTAL(109,E5:E35) -> 3497650 | F36: =SUBTOTAL(109,F5:F35) -> 3497650 | G36: =SUBTOTAL(109,Table7214[Unit (Minutes)]) -> 58294.167
A37: Segment 2
A38: Max allowed daily average duration per call in Seconds | G38: 150
A39: CallDate | B39: Average Call Duaration (S) | C39: Call Count | D39: Total Duration (S) | E39: 150 * Call Count (S) | F39: Unit (S) | G39: Unit (Minutes)
G71: =SUBTOTAL(109,Table9235[Unit (Minutes)]) -> 0
A73: Segment 3
A74: Max allowed daily average duration per call in Seconds | G74: 180
A75: CallDate | B75: Average Call Duaration (S) | C75: Call Count | D75: Total Duration (S) | E75: 180 * Call Count (S) | F75: Unit (S) | G75: Unit (Minutes)
G107: =SUBTOTAL(109,Table16296[Unit (Minutes)]) -> 0
